id, in, out, distance
1, 3, 4, 195.98152374643456
2, 4, 5, 200.39104169386744
3, 4, 6, 211.76360635151872
4, 4, 5, 200.39104169386744
5, 3, 1, 359.46636933393563
6, 3, 5, 301.6699000339138
7, 1, 2, 216.7510165974563
8, 1, 8, 395.002383928778
9, 8, 9, 178.6509545954717
10, 2, 9, 315.2826323577375
11, 7, 8, 173.62353642366332
12, 6, 7, 525.3760843954052
13, 5, 1, 189.00150792655722
14, 5, 8, 469.69235626677704